trade_date,中证REITs全收益,10年期国债收益率,上证指数,中证红利
2021-06-21,,3.1558,3529.1826,5036.6107
2021-06-22,,3.1553,3557.412,5096.1971
2021-06-23,,3.144,3566.2199,5168.7381
2021-06-24,,3.1358,3566.6539,5163.1286
2021-06-25,,3.1439,3607.5618,5185.6348
2021-06-28,,3.1439,3606.3722,5143.8309
2021-06-29,,3.1528,3573.1779,5136.9878
2021-06-30,,3.1368,3591.197,5153.3965
2021-07-01,,3.0899,3588.7816,5129.8208
2021-07-02,,3.1425,3518.7595,5095.1268
2021-07-05,,3.1409,3534.3222,5102.9435
2021-07-06,,3.1388,3530.2589,5093.2563
2021-07-07,,3.1405,3553.7155,5097.0188
2021-07-08,,3.0659,3525.5039,4999.3961
2021-07-09,,3.0603,3524.0881,5041.7975
2021-07-12,,3.0491,3547.8362,5077.1501
2021-07-13,,3.0272,3566.5225,5110.6191
2021-07-14,,2.9932,3528.5011,5076.1542
2021-07-15,,3.0312,3564.5902,5102.5826
2021-07-16,,3.0195,3539.3038,5107.8824
2021-07-19,,3.0164,3539.1225,5096.5915
2021-07-20,,2.9917,3536.7905,5079.3166
2021-07-21,,2.9918,3562.6611,5078.7577
2021-07-22,,2.9931,3574.7344,5134.3525
2021-07-23,,2.9786,3550.3964,5054.1009
2021-07-26,,2.9595,3467.4409,4951.1313
2021-07-27,,2.9376,3381.1833,4803.4369
2021-07-28,,2.9585,3361.5895,4750.0305
2021-07-29,,2.9491,3411.724,4799.0508
2021-07-30,,2.918,3397.3574,4858.4323
2021-08-02,,2.8241,3464.2854,4870.7121
2021-08-03,,2.8389,3447.9914,4812.4302
2021-08-04,,2.8516,3477.2186,4886.6957
2021-08-05,,2.8297,3466.5491,4856.8873
2021-08-06,,2.8214,3458.2277,4882.5564
2021-08-09,,2.8594,3494.6348,4950.7131
2021-08-10,,2.8745,3529.9309,4959.3887
2021-08-11,,2.8934,3532.6213,5036.9275
2021-08-12,,2.8842,3524.7374,5101.5779
2021-08-13,,2.8878,3516.2989,5108.1028
2021-08-16,,2.8941,3517.3447,5108.3711
2021-08-17,,2.9023,3446.976,5011.6733
2021-08-18,,2.8729,3485.2859,5043.6715
2021-08-19,,2.8467,3465.5546,5014.928
2021-08-20,,2.8589,3427.3338,5022.0882
2021-08-23,,2.8719,3477.1321,5080.2207
2021-08-24,,2.8845,3514.471,5122.6226
2021-08-25,,2.852,3540.3837,5184.7879
2021-08-26,,2.8888,3501.6643,5205.1769
2021-08-27,,2.8813,3522.1567,5240.6388
2021-08-30,,2.8725,3528.1512,5271.5155
2021-08-31,,2.8637,3543.9402,5385.9776
2021-09-01,,2.8401,3567.1008,5361.02
2021-09-02,,2.8413,3597.0426,5448.119
2021-09-03,,2.8419,3581.7344,5431.9273
2021-09-06,,2.8426,3621.8593,5482.7048
2021-09-07,,2.8569,3676.5866,5592.5496
2021-09-08,,2.8775,3675.1865,5639.6195
2021-09-09,,2.8829,3693.1296,5746.5065
2021-09-10,,2.8902,3703.1103,5668.778
2021-09-13,,2.8809,3715.3723,5772.5134
2021-09-14,,2.9181,3662.6015,5670.9439
2021-09-15,,2.8938,3656.2232,5687.3106
2021-09-16,,2.9155,3607.0922,5601.5444
2021-09-17,,2.8955,3613.9663,5496.1389
2021-09-18,,2.8844,,
2021-09-22,,2.8788,3628.4897,5574.2948
2021-09-23,,2.8818,3642.2204,5581.6786
2021-09-24,,2.8813,3613.0673,5404.9915
2021-09-26,,2.8872,,
2021-09-27,,2.8838,3582.8307,5251.9312
2021-09-28,,2.8981,3602.2184,5335.0436
2021-09-29,,2.8953,3536.2944,5166.0006
2021-09-30,1000.0,2.8807,3568.1668,5245.3479
2021-10-08,1003.3772,2.9174,3592.1666,5244.4434
2021-10-09,,2.9293,,
2021-10-11,1002.628,2.9575,3591.7087,5275.2232
2021-10-12,1000.3396,2.9746,3546.9362,5187.6337
2021-10-13,1000.9801,2.9799,3561.7623,5151.1249
2021-10-14,1000.5637,2.9768,3558.2795,5130.9031
2021-10-15,1000.9896,2.9849,3572.3662,5143.6428
2021-10-18,1001.737,3.0376,3568.1379,5220.437
2021-10-19,1006.8418,3.048,3593.1533,5257.3297
2021-10-20,1014.3864,3.0155,3587.0009,5205.6618
2021-10-21,1023.1431,3.0085,3594.7831,5243.4528
2021-10-22,1032.916,2.9926,3582.6036,5149.8551
2021-10-25,1040.5884,3.0031,3609.8626,5155.3052
2021-10-26,1035.5855,2.9969,3597.6377,5132.1961
2021-10-27,1043.8924,2.9931,3562.3052,5054.6222
2021-10-28,1057.8843,2.9954,3518.4166,4940.0066
2021-10-29,1074.1552,2.9899,3547.3361,4964.6733
2021-11-01,1069.3494,2.9771,3544.4795,4990.2494
2021-11-02,1051.1998,2.9608,3505.6283,4888.5758
2021-11-03,1045.701,2.9429,3498.5368,4952.7069
2021-11-04,1046.0716,2.9557,3526.8657,4954.035
2021-11-05,1053.4192,2.9232,3491.5677,4881.9479
2021-11-08,1048.1136,2.917,3498.6308,4912.0163
2021-11-09,1043.8746,2.9315,3507.0018,4937.5171
2021-11-10,1042.1428,2.9151,3492.4616,4932.4344
2021-11-11,1048.9288,2.9407,3532.7858,5005.169
2021-11-12,1054.0796,2.9533,3539.1002,4970.9613
2021-11-15,1053.5469,2.9542,3533.3026,4979.0
2021-11-16,1055.3848,2.9487,3521.7867,4951.6303
2021-11-17,1059.4209,2.9458,3537.3662,4992.9592
2021-11-18,1058.6901,2.9385,3520.7106,4989.2881
2021-11-19,1057.4126,2.9275,3560.3734,5059.4292
2021-11-22,1049.8573,2.9396,3582.0797,5067.4266
2021-11-23,1047.8949,2.943,3589.0894,5095.6041
2021-11-24,1051.7015,2.9334,3592.7025,5120.1412
2021-11-25,1051.8969,2.9122,3584.1788,5097.9714
2021-11-26,1053.3588,2.8881,3564.0894,5061.096
2021-11-29,1053.2053,2.8901,3562.6968,5029.2862
2021-11-30,1056.4023,2.8948,3563.8872,5044.1175
2021-12-01,1060.9103,2.8907,3576.8853,5103.4783
2021-12-02,1071.4935,2.8991,3573.8358,5114.324
2021-12-03,1073.493,2.9168,3607.4322,5150.0489
2021-12-06,1075.7302,2.8818,3589.3061,5092.9239
2021-12-07,1081.4028,2.8876,3595.0882,5119.5989
2021-12-08,1086.5934,2.9082,3637.5675,5124.2078
2021-12-09,1095.6679,2.9108,3673.0412,5130.746
2021-12-10,1104.0186,2.8961,3666.3479,5118.5648
2021-12-13,1111.7089,2.9087,3681.082,5117.0872
2021-12-14,1124.2001,2.9005,3661.5253,5064.5912
2021-12-15,1140.8975,2.9009,3647.6303,5087.3927
2021-12-16,1117.2716,2.9127,3675.016,5162.8637
2021-12-17,1116.2228,2.9123,3632.3638,5129.7383
2021-12-20,1109.1249,2.9135,3593.6019,5084.1384
2021-12-21,1108.6735,2.9162,3625.1251,5186.4851
2021-12-22,1114.4346,2.9073,3622.6178,5166.8515
2021-12-23,1123.3457,2.8867,3643.3391,5186.9166
2021-12-24,1124.8453,2.8887,3618.0535,5156.0637
2021-12-27,1131.8563,2.8733,3615.9741,5186.5718
2021-12-28,1129.5996,2.874,3630.1115,5160.6195
2021-12-29,1122.0775,2.8538,3597.0002,5145.0328
2021-12-30,1112.9946,2.8557,3619.1886,5158.3534
2021-12-31,1114.2438,2.8352,3639.7754,5209.9023
2022-01-04,1121.2703,2.8019,3632.3289,5272.7556
2022-01-05,1127.0191,2.8042,3595.1761,5258.0069
2022-01-06,1126.6855,2.822,3586.0792,5281.6173
2022-01-07,1128.6516,2.8266,3579.5427,5296.2818
2022-01-10,1130.9009,2.8153,3593.5187,5347.8286
2022-01-11,1137.4459,2.8148,3567.4409,5371.9026
2022-01-12,1143.7306,2.8013,3597.4321,5347.7161
2022-01-13,1145.6151,2.8022,3555.2585,5331.4973
2022-01-14,1146.4495,2.7946,3521.2559,5235.9777
2022-01-17,1156.8523,2.7911,3541.666,5251.1609
2022-01-18,1147.2401,2.7759,3569.9144,5303.1783
2022-01-19,1149.9643,2.723,3558.1796,5338.3387
2022-01-20,1160.1846,2.737,3555.0629,5318.1383
2022-01-21,1190.3226,2.7284,3522.5679,5276.7259
2022-01-24,1213.1345,2.6998,3524.105,5252.3922
2022-01-25,1191.9009,2.6938,3433.0612,5070.7303
2022-01-26,1192.6285,2.7188,3455.6679,5102.6572
2022-01-27,1187.3079,2.734,3394.2474,5033.8934
2022-01-28,1206.8444,2.7295,3361.4397,5009.7414
2022-01-29,,2.7232,,
2022-01-30,,2.7107,,
2022-02-07,1243.1359,2.7353,3429.5809,5140.6036
2022-02-08,1287.6082,2.7222,3452.6288,5254.5345
2022-02-09,1272.7566,2.7386,3479.9458,5278.9268
2022-02-10,1270.9269,2.7365,3485.9071,5336.1947
2022-02-11,1285.8394,2.7951,3462.9479,5325.3022
2022-02-14,1305.2318,2.7974,3428.8821,5242.9059
2022-02-15,1300.879,2.802,3446.0885,5221.0933
2022-02-16,1279.4008,2.8019,3465.8305,5268.1763
2022-02-17,1247.6447,2.7922,3468.0354,5244.6059
2022-02-18,1271.7772,2.7897,3490.7573,5345.1594
2022-02-21,1267.5404,2.8169,3490.6123,5379.5403
2022-02-22,1226.1029,2.8465,3457.146,5334.1764
2022-02-23,1213.4478,2.8313,3489.1465,5319.447
2022-02-24,1184.6817,2.8065,3429.9564,5216.4932
2022-02-25,1189.7706,2.8092,3451.4061,5215.192
2022-02-28,1176.3908,2.7938,3462.3064,5219.1452
2022-03-01,1159.1615,2.798,3488.8347,5263.5754
2022-03-02,1185.0837,2.8168,3484.1916,5298.648
2022-03-03,1204.775,2.8306,3481.1125,5355.0094
2022-03-04,1198.2453,2.8195,3447.649,5329.2221
2022-03-07,1172.1157,2.8346,3372.8552,5271.5195
2022-03-08,1151.6961,2.8102,3293.5301,5090.0852
2022-03-09,1155.3665,2.845,3256.3884,5024.8136
2022-03-10,1160.213,2.8446,3296.0922,5087.3541
2022-03-11,1156.9563,2.8527,3309.7467,5120.3066
2022-03-14,1145.3659,2.7587,3223.5328,5009.3136
2022-03-15,1092.3031,2.8023,3063.9652,4699.8654
2022-03-16,1105.614,2.8298,3170.7103,4811.543
2022-03-17,1116.344,2.8063,3215.0445,4896.5771
2022-03-18,1113.1571,2.7894,3251.0724,5025.4993
2022-03-21,1136.338,2.8095,3253.6857,5046.455
2022-03-22,1166.1229,2.834,3259.8619,5131.9307
2022-03-23,1154.2875,2.8349,3271.0325,5145.7513
2022-03-24,1150.0004,2.8247,3250.2644,5128.4379
2022-03-25,1141.2841,2.8038,3212.2399,5124.2886
2022-03-28,1133.08,2.7935,3214.5027,5187.1653
2022-03-29,1135.4684,2.7981,3203.9393,5177.7105
2022-03-30,1137.2465,2.7841,3266.5959,5244.3886
2022-03-31,1132.5919,2.7844,3252.2029,5303.2837
2022-04-01,1153.7177,2.7799,3282.7166,5357.4278
2022-04-02,,2.7783,,
2022-04-06,1155.5359,2.7717,3283.4261,5447.7716
2022-04-07,1142.3812,2.757,3236.6951,5342.5239
2022-04-08,1156.6652,2.7509,3251.8502,5399.535
2022-04-11,1150.1494,2.7665,3167.1259,5280.0061
2022-04-12,1158.2113,2.7772,3213.3295,5264.8159
2022-04-13,1161.0027,2.7703,3186.8244,5254.4667
2022-04-14,1160.4938,2.7572,3225.6412,5379.7854
2022-04-15,1157.2544,2.7665,3211.2448,5347.8981
2022-04-18,1158.7854,2.8032,3195.524,5276.5601
2022-04-19,1158.3179,2.8183,3194.0287,5338.5267
2022-04-20,1158.6502,2.8411,3151.0498,5182.9115
2022-04-21,1145.7291,2.839,3079.8077,5062.8475
2022-04-22,1140.9699,2.8406,3086.9193,5128.399
2022-04-24,,2.8476,,
2022-04-25,1119.2069,2.8363,2928.5118,4859.1573
2022-04-26,1120.1623,2.8339,2886.4257,4766.7064
2022-04-27,1128.8713,2.8424,2958.282,4820.5909
2022-04-28,1115.9106,2.8594,2975.4848,4883.1703
2022-04-29,1122.5613,2.8448,3047.0624,5019.2283
2022-05-05,1115.7216,2.8434,3067.7587,5052.006
2022-05-06,1114.203,2.8412,3001.5605,4921.834
2022-05-07,,2.8413,,
2022-05-09,1109.4344,2.8359,3004.1409,4934.0392
2022-05-10,1109.7332,2.8191,3035.8442,4930.6719
2022-05-11,1118.2059,2.8261,3058.7027,4923.273
2022-05-12,1124.4666,2.8293,3054.994,4911.5352
2022-05-13,1127.6411,2.8185,3084.2845,5028.3112
2022-05-16,1126.114,2.8359,3073.7488,5078.7809
2022-05-17,1124.3157,2.8291,3093.6965,5040.8226
2022-05-18,1120.7269,2.8226,3085.9768,5006.19
2022-05-19,1112.3807,2.8149,3096.9648,5024.2502
2022-05-20,1114.5368,2.8243,3146.5673,5070.655
2022-05-23,1111.2849,2.8147,3146.8573,5084.9867
2022-05-24,1106.4432,2.8065,3070.9272,4951.5297
2022-05-25,1105.8809,2.7951,3107.4641,5031.2878
2022-05-26,1106.2916,2.7606,3123.1079,5081.9916
2022-05-27,1106.5258,2.7563,3130.2394,5074.4263
2022-05-30,1102.5959,2.77,3149.0607,5072.0614
2022-05-31,1094.8424,2.7986,3186.4271,5070.5271
2022-06-01,1088.5187,2.7461,3182.1566,5093.2163
2022-06-02,1090.7677,2.7561,3195.458,5054.2338
2022-06-06,1108.1419,2.766,3236.3719,5073.1216
2022-06-07,1123.6402,2.7748,3241.7635,5087.4234
2022-06-08,1117.766,2.7608,3263.7934,5125.1709
2022-06-09,1122.3476,2.7689,3238.9543,5100.7594
2022-06-10,1125.4876,2.7591,3284.8341,5134.1267
2022-06-13,1121.6578,2.7669,3255.5511,5071.6427
2022-06-14,1124.7241,2.7835,3288.9066,5143.2939
2022-06-15,1126.0768,2.7826,3305.4066,5137.3642
2022-06-16,1124.4962,2.7809,3285.3845,5058.3695
2022-06-17,1121.0687,2.7701,3316.7857,5056.8537
2022-06-20,1111.3466,2.786,3315.4302,5035.0745
2022-06-21,1110.1394,2.7884,3306.7186,5037.4703
2022-06-22,1109.9495,2.7834,3267.2016,4970.5763
2022-06-23,1115.8075,2.7788,3320.1487,5039.9466
2022-06-24,1132.2336,2.7912,3349.747,5033.9618
2022-06-27,1139.0472,2.834,3379.1852,5079.5629
2022-06-28,1144.2605,2.8367,3409.2103,5125.1371
2022-06-29,1141.3802,2.8398,3361.5177,5091.243
2022-06-30,1147.4339,2.8264,3398.6161,5106.4698
2022-07-01,1147.5721,2.821,3387.6373,5125.9429
2022-07-04,1151.0525,2.8553,3405.4267,5143.8105
2022-07-05,1145.8401,2.8526,3404.0252,5151.2179
2022-07-06,1144.1768,2.8325,3355.3497,5050.6118
2022-07-07,1143.3552,2.8428,3364.398,5081.066
2022-07-08,1147.6416,2.8442,3356.0778,5070.861
2022-07-11,1145.3651,2.8385,3313.584,4997.901
2022-07-12,1149.2759,2.8215,3281.4665,4997.9361
2022-07-13,1146.8508,2.8135,3284.2918,5004.2743
2022-07-14,1152.4566,2.8065,3281.744,4937.89
2022-07-15,1154.4194,2.8032,3228.0609,4813.9362
2022-07-18,1159.6697,2.7963,3278.1033,4932.1107
2022-07-19,1163.3853,2.7966,3279.4313,4951.3882
2022-07-20,1166.5213,2.7944,3304.7243,4968.2179
2022-07-21,1165.6616,2.7723,3272.0012,4896.2076
2022-07-22,1167.0468,2.7828,3269.9739,4874.2956
2022-07-25,1161.0217,2.7851,3250.388,4869.8414
2022-07-26,1157.4433,2.7888,3277.4356,4938.786
2022-07-27,1155.1467,2.7787,3275.7553,4943.2277
2022-07-28,1159.8315,2.7873,3282.5758,4962.8899
2022-07-29,1163.8996,2.7664,3253.2382,4921.7183
2022-08-01,1166.6163,2.7425,3259.9585,4937.8859
2022-08-02,1164.2208,2.7303,3186.2664,4798.7797
2022-08-03,1165.0291,2.7442,3163.6741,4736.1082
2022-08-04,1169.8513,2.7203,3189.0391,4762.2823
2022-08-05,1168.024,2.7342,3227.0267,4797.1442
2022-08-08,1165.7749,2.7452,3236.9337,4873.2309
2022-08-09,1160.2659,2.7515,3247.4318,4883.649
2022-08-10,1161.4186,2.7412,3230.02,4862.6151
2022-08-11,1160.421,2.7467,3281.6654,4923.7214
2022-08-12,1163.1435,2.7418,3276.8877,4957.3534
2022-08-15,1168.3518,2.6862,3276.087,4969.8452
2022-08-16,1173.7473,2.6439,3277.8847,4996.1046
2022-08-17,1174.4672,2.6557,3292.526,5012.0491
2022-08-18,1179.0895,2.6374,3277.5438,4969.3372
2022-08-19,1195.6877,2.6325,3258.0784,5006.9979
2022-08-22,1190.982,2.6344,3277.7943,5050.9213
2022-08-23,1193.0286,2.6463,3276.2234,5075.6273
2022-08-24,1185.7733,2.6488,3215.2033,4984.4626
2022-08-25,1191.2063,2.6581,3246.2481,5073.6245
2022-08-26,1188.4176,2.6726,3236.2226,5051.2158
2022-08-29,1182.777,2.6736,3240.7275,5090.8457
2022-08-30,1186.7323,2.6468,3227.2203,5060.863
2022-08-31,1191.7403,2.6549,3202.1378,5009.623
2022-09-01,1187.6835,2.6326,3184.9797,5043.0279
2022-09-02,1188.9481,2.6128,3186.4781,5040.1258
2022-09-05,1186.3642,2.6198,3199.9118,5115.8301
2022-09-06,1188.3833,2.6135,3243.4466,5201.739
2022-09-07,1190.8327,2.6107,3246.2943,5187.116
2022-09-08,1195.9885,2.6266,3235.5862,5168.4662
2022-09-09,1200.9244,2.6263,3262.0542,5222.8554
2022-09-13,1197.6024,2.6503,3263.7972,5187.6275
2022-09-14,1194.0819,2.6567,3237.5419,5144.5946
2022-09-15,1192.3876,2.67,3199.9187,5134.2684
2022-09-16,1189.6255,2.6886,3126.3977,4975.1508
2022-09-19,1188.1417,2.6831,3115.6019,4975.774
2022-09-20,1186.7403,2.6744,3122.4058,4980.3913
2022-09-21,1189.2075,2.6552,3117.1774,5020.6196
2022-09-22,1192.8064,2.6496,3108.9096,5015.0548
2022-09-23,1193.7113,2.6617,3088.3695,4962.2136
2022-09-26,1190.8892,2.6951,3051.226,4872.4905
2022-09-27,1189.7242,2.7009,3093.8618,4930.363
2022-09-28,1199.9379,2.7121,3045.0668,4869.6435
2022-09-29,1191.0332,2.7296,3041.2046,4846.587
2022-09-30,1187.1779,2.7315,3024.3905,4869.9909
2022-10-08,,2.7726,,
2022-10-09,,2.7486,,
2022-10-10,1174.9448,2.7446,2974.1454,4856.0239
2022-10-11,1170.8255,2.744,2979.7926,4856.6655
2022-10-12,1172.142,2.7527,3025.5055,4924.6696
2022-10-13,1175.7813,2.7347,3016.3561,4878.2975
2022-10-14,1175.8582,2.7179,3071.9868,4934.5125
2022-10-17,1173.4477,2.7107,3084.9423,4935.9049
2022-10-18,1175.818,2.71,3080.9574,4941.3127
2022-10-19,1175.0908,2.709,3044.3777,4901.7465
2022-10-20,1173.2451,2.7246,3035.0504,4855.4973
2022-10-21,1170.2262,2.7287,3038.9291,4878.474
2022-10-24,1158.8871,2.7298,2977.5554,4772.9081
2022-10-25,1151.8345,2.7282,2976.283,4753.564
2022-10-26,1150.3922,2.7291,2999.5036,4741.7555
2022-10-27,1138.1018,2.7039,2982.9029,4754.4951
2022-10-28,1139.864,2.6995,2915.9257,4628.8304
2022-10-31,1128.7616,2.6553,2893.4829,4561.9989
2022-11-01,1127.914,2.6605,2969.1995,4622.1442
2022-11-02,1139.3617,2.6786,3003.3699,4679.5331
2022-11-03,1143.7271,2.6835,2997.8057,4654.3345
2022-11-04,1150.2791,2.7054,3070.7964,4750.5437
2022-11-07,1143.2432,2.7049,3077.817,4784.9273
2022-11-08,1134.2096,2.7157,3064.4928,4790.0193
2022-11-09,1129.6577,2.7009,3048.1676,4795.2336
2022-11-10,1124.463,2.7014,3036.1318,4793.4693
2022-11-11,1122.8745,2.7135,3087.2926,4900.0226
2022-11-14,1114.9546,2.8267,3083.4013,4914.2351
2022-11-15,1109.2608,2.8355,3134.0778,4961.8809
2022-11-16,1105.5728,2.8187,3119.9804,4943.7381
2022-11-17,1095.8185,2.8372,3115.4347,4924.1986
2022-11-18,1093.8077,2.8269,3097.2432,4891.5442
2022-11-21,1107.3458,2.8183,3085.0444,4894.16
2022-11-22,1104.3961,2.8439,3088.9426,4899.1869
2022-11-23,1103.2802,2.8231,3096.9073,4910.7696
2022-11-24,1103.2023,2.7968,3089.3096,4945.974
2022-11-25,1104.1265,2.822,3101.6932,5007.6149
2022-11-28,1101.0419,2.8441,3078.5485,4986.3839
2022-11-29,1106.7159,2.9108,3149.7478,5129.6265
2022-11-30,1106.2306,2.9102,3151.3353,5120.0521
2022-12-01,1109.6698,2.8762,3165.4711,5093.5771
2022-12-02,1113.1859,2.8686,3156.1442,5077.2213
2022-12-05,1124.5419,2.8776,3211.8144,5151.1459
2022-12-06,1133.2542,2.9112,3212.5334,5125.573
2022-12-07,1129.7494,2.9189,3199.6194,5095.9529
2022-12-08,1131.0684,2.8746,3197.3499,5106.7151
2022-12-09,1132.8968,2.8984,3206.9502,5151.5545
2022-12-12,1128.2976,2.8853,3179.0417,5077.8586
2022-12-13,1124.9097,2.9173,3176.3255,5101.5963
2022-12-14,1117.6872,2.8794,3176.5253,5082.2494
2022-12-15,1116.246,2.8753,3168.6478,5030.6117
2022-12-16,1114.8626,2.9015,3167.8576,5083.3404
2022-12-19,1112.3351,2.8661,3107.115,4978.9303
2022-12-20,1104.156,2.8647,3073.7659,4928.7312
2022-12-21,1101.3757,2.8797,3068.4105,4930.9022
2022-12-22,1102.3118,2.8563,3054.4313,4896.1758
2022-12-23,1108.6348,2.8488,3045.8664,4890.0072
2022-12-26,1109.6217,2.8428,3065.5626,4877.9674
2022-12-27,1106.4053,2.8622,3095.5678,4928.713
2022-12-28,1097.2736,2.863,3087.3997,4936.895
2022-12-29,1098.779,2.8406,3073.7016,4892.7946
2022-12-30,1114.4713,2.841,3089.2579,4925.8579
2023-01-03,1107.4988,2.8402,3116.5119,4957.7815
2023-01-04,1102.4995,2.8172,3123.5164,4996.9112
2023-01-05,1096.6843,2.8234,3155.2162,5010.5086
2023-01-06,1102.3144,2.8425,3157.6365,5000.1082
2023-01-09,1102.2433,2.838,3176.0845,4997.3119
2023-01-10,1106.2551,2.8558,3169.5072,4968.9988
2023-01-11,1105.9598,2.8781,3161.8376,4995.8475
2023-01-12,1104.0608,2.8722,3163.4509,4976.5391
2023-01-13,1101.5047,2.8897,3195.3059,5019.2458
2023-01-16,1098.4215,2.9256,3227.5916,5038.5611
2023-01-17,1095.4953,2.9167,3224.2448,5030.9612
2023-01-18,1095.9631,2.9066,3224.406,5036.7192
2023-01-19,1096.4958,2.9219,3240.2794,5057.0592
2023-01-20,1098.2472,2.9114,3264.8138,5106.6742
2023-01-28,,2.9368,,
2023-01-29,,2.9225,,
2023-01-30,1105.8607,2.9241,3269.318,5088.4584
2023-01-31,1118.715,2.9092,3255.6692,5099.7113
2023-02-01,1125.3428,2.9072,3284.9213,5115.4126
2023-02-02,1120.8305,2.9148,3285.6705,5123.7449
2023-02-03,1122.4342,2.9033,3263.4059,5078.3412
2023-02-06,1122.5965,2.9029,3238.6978,5049.7994
2023-02-07,1121.6085,2.9057,3248.094,5076.7373
2023-02-08,1120.8632,2.9035,3232.1063,5054.0931
2023-02-09,1120.3125,2.9043,3270.3826,5091.4248
2023-02-10,1123.7614,2.9001,3260.6734,5093.7288
2023-02-13,1126.9448,2.8997,3284.1599,5111.8712
2023-02-14,1132.1885,2.9056,3293.2825,5138.1849
2023-02-15,1128.9936,2.9027,3280.4919,5106.61
2023-02-16,1126.1707,2.902,3249.0295,5062.7955
2023-02-17,1125.0464,2.9009,3224.0243,5069.2342
2023-02-20,1126.789,2.9046,3290.3383,5182.7456
2023-02-21,1129.6271,2.9303,3306.5236,5241.1907
2023-02-22,1127.4857,2.9244,3291.1477,5244.3046
2023-02-23,1122.9015,2.9259,3287.477,5251.396
2023-02-24,1116.5318,2.9223,3267.1597,5230.0646
2023-02-27,1111.1498,2.9228,3258.0344,5222.782
2023-02-28,1111.6065,2.9227,3279.6053,5245.9443
2023-03-01,1112.009,2.9187,3312.3478,5281.4776
2023-03-02,1111.5142,2.9186,3310.6536,5304.9916
2023-03-03,1111.0846,2.9258,3328.3927,5327.927
2023-03-06,1107.8092,2.9047,3322.0259,5302.978
2023-03-07,1103.4131,2.9001,3285.0988,5271.2937
2023-03-08,1100.2666,2.8907,3283.2479,5267.1538
2023-03-09,1099.2236,2.8919,3276.0937,5250.3011
2023-03-10,1098.6112,2.883,3230.0766,5156.6232
2023-03-13,1105.6582,2.8847,3268.6955,5219.0596
2023-03-14,1104.2966,2.8777,3245.3123,5175.8748
2023-03-15,1103.9295,2.8871,3263.3148,5238.4384
2023-03-16,1101.1343,2.8785,3226.8912,5189.8522
2023-03-17,1100.6835,2.8769,3250.546,5220.7732
2023-03-20,1096.0159,2.876,3234.9103,5196.1273
2023-03-21,1094.7294,2.8718,3255.6505,5195.3517
2023-03-22,1093.8432,2.8877,3265.7475,5219.8761
2023-03-23,1093.5457,2.8802,3286.6491,5224.2042
2023-03-24,1092.7614,2.8926,3265.6537,5181.6082
2023-03-27,1093.3567,2.8835,3251.3971,5139.553
2023-03-28,1088.5491,2.8831,3245.376,5141.399
2023-03-29,1080.3334,2.8832,3240.0568,5126.5222
2023-03-30,1079.325,2.8753,3261.2485,5158.6573
2023-03-31,1084.6481,2.8855,3272.8602,5175.8851
2023-04-03,1089.08,2.862,3296.396,5199.3675
2023-04-04,1089.0978,2.8642,3312.5578,5217.9849
2023-04-06,1085.9832,2.8643,3312.628,5185.4373
2023-04-07,1087.7856,2.8639,3327.6457,5205.3899
2023-04-10,1085.5735,2.8502,3315.3578,5206.9005
2023-04-11,1080.8458,2.8381,3313.5705,5240.3212
2023-04-12,1074.5496,2.8197,3327.1816,5292.2625
2023-04-13,1069.7514,2.8262,3318.3638,5293.2456
2023-04-14,1071.7102,2.8266,3338.1525,5287.0289
2023-04-17,1075.2126,2.8397,3385.6095,5359.7568
2023-04-18,1077.8674,2.8396,3393.3312,5379.556
2023-04-19,1074.1544,2.8311,3370.1283,5374.9389
2023-04-20,1068.4639,2.8366,3367.031,5383.531
2023-04-21,1053.5638,2.8348,3301.2575,5318.818
2023-04-23,,2.8264,,
2023-04-24,1049.432,2.8167,3275.413,5314.8677
2023-04-25,1044.7133,2.821,3264.8717,5332.1421
2023-04-26,1039.0848,2.8179,3264.1006,5345.3802
2023-04-27,1029.4292,2.7891,3285.8844,5357.9061
2023-04-28,1029.0485,2.7973,3323.2746,5414.9459
2023-05-04,1022.6026,2.7671,3350.4587,5523.839
2023-05-05,1017.2906,2.7514,3334.5028,5537.914
2023-05-06,,2.7372,,
2023-05-08,1013.3552,2.7439,3395.0036,5653.0053
2023-05-09,1015.4946,2.7444,3357.6707,5607.7164
2023-05-10,1031.6383,2.7277,3319.1506,5499.4512
2023-05-11,1034.504,2.7028,3309.5512,5495.8546
2023-05-12,1032.2509,2.7139,3272.3619,5463.1357
2023-05-15,1025.175,2.7145,3310.7367,5461.7814
2023-05-16,1029.7095,2.7225,3290.9874,5423.5172
2023-05-17,1027.7067,2.7126,3284.232,5396.7055
2023-05-18,1025.5291,2.7344,3297.3199,5426.5123
2023-05-19,1022.7276,2.7185,3283.5417,5360.5872
2023-05-22,1020.6248,2.7202,3296.4696,5355.0149
2023-05-23,1020.135,2.7054,3246.238,5287.3933
2023-05-24,1019.0649,2.7048,3204.7494,5211.9924
2023-05-25,1019.4666,2.7133,3201.2605,5188.2419
2023-05-26,1017.3354,2.7127,3212.5038,5233.144
2023-05-29,1009.9818,2.7266,3221.4484,5268.174
2023-05-30,996.3891,2.7142,3224.2133,5262.09
2023-05-31,982.3486,2.7216,3204.5644,5214.2105
2023-06-01,976.2113,2.7089,3204.6345,5195.6708
2023-06-02,970.3135,2.7129,3230.0686,5225.2303
2023-06-05,939.3221,2.7232,3232.441,5252.5754
2023-06-06,930.9915,2.7194,3195.3404,5209.3483
2023-06-07,943.1421,2.7057,3197.7587,5247.881
2023-06-08,964.3862,2.7113,3213.5855,5295.1971
2023-06-09,964.2563,2.7081,3231.4055,5284.1484
2023-06-12,957.8177,2.6905,3228.8336,5252.3151
2023-06-13,954.7209,2.6583,3233.6734,5243.4003
2023-06-14,952.7263,2.6353,3228.9887,5214.8935
2023-06-15,950.3347,2.6654,3252.9751,5216.5775
2023-06-16,956.0351,2.7033,3273.3341,5197.7652
2023-06-19,948.5375,2.7145,3255.8057,5132.5413
2023-06-20,945.6874,2.7141,3240.3648,5090.2633
2023-06-21,939.6695,2.7028,3197.9011,5040.6996
2023-06-25,,2.6949,,
2023-06-26,933.6749,2.6977,3150.6189,4974.2752
2023-06-27,930.5968,2.709,3189.4427,5060.8202
2023-06-28,928.9079,2.6985,3189.3758,5084.6346
2023-06-29,924.9477,2.7036,3182.3812,5067.4507
2023-06-30,918.5929,2.6929,3202.0623,5072.5473
2023-07-03,909.0353,2.6444,3243.975,5125.9614
2023-07-04,902.9984,2.6416,3245.3492,5100.7727
2023-07-05,892.7543,2.6455,3222.9469,5086.7693
2023-07-06,909.3575,2.638,3205.5748,5054.0354
2023-07-07,928.7558,2.6421,3196.6092,5072.59
2023-07-10,931.197,2.6451,3203.6958,5093.4076
2023-07-11,928.1982,2.6395,3221.3666,5103.3483
2023-07-12,923.7613,2.6427,3196.1337,5064.7159
2023-07-13,930.7595,2.6448,3236.48,5113.901
2023-07-14,938.6673,2.6486,3237.7012,5111.7184
2023-07-17,961.5871,2.6434,3209.6298,5060.9423
2023-07-18,989.3425,2.6293,3197.8201,5056.1214
2023-07-19,978.2917,2.6251,3198.8358,5076.3131
2023-07-20,961.8975,2.6272,3169.522,5048.749
2023-07-21,963.5952,2.62,3167.7452,5046.854
2023-07-24,963.0372,2.6146,3164.1608,5048.471
2023-07-25,965.1382,2.6529,3231.5213,5132.8386
2023-07-26,963.2726,2.6618,3223.0279,5141.997
2023-07-27,960.4977,2.6425,3216.6709,5147.4536
2023-07-28,960.8814,2.6442,3275.9257,5241.7957
2023-07-31,965.5432,2.6716,3291.0398,5278.6579
2023-08-01,972.0543,2.658,3290.9493,5283.4628
2023-08-02,975.752,2.6576,3261.6903,5235.2922
2023-08-03,975.1207,2.6507,3280.4626,5264.085
2023-08-04,978.2244,2.6563,3288.0842,5248.909
2023-08-07,980.1444,2.6493,3268.8311,5203.1077
2023-08-08,981.6281,2.6486,3260.6196,5195.8537
2023-08-09,984.1503,2.6473,3244.4867,5172.8763
2023-08-10,984.5037,2.6534,3254.5597,5185.8257
2023-08-11,981.251,2.6488,3189.248,5105.884
2023-08-14,979.024,2.625,3178.4272,5103.1855
2023-08-15,979.6352,2.5625,3176.1758,5137.0411
2023-08-16,976.1188,2.567,3150.1277,5134.5093
2023-08-17,971.0311,2.5699,3163.7393,5134.9776
2023-08-18,972.0001,2.5708,3131.953,5112.6633
2023-08-21,966.3426,2.5521,3092.9777,5059.3748
2023-08-22,964.0983,2.5485,3120.3338,5099.7647
2023-08-23,962.5039,2.5553,3078.4021,5085.6213
2023-08-24,966.9024,2.5584,3082.2439,5061.5614
2023-08-25,969.9883,2.5619,3064.0747,5071.8677
2023-08-28,971.6626,2.607,3098.6363,5141.9299
2023-08-29,969.1618,2.5952,3135.8867,5151.0754
2023-08-30,968.7062,2.5998,3137.1375,5113.6297
2023-08-31,967.9375,2.5898,3119.8764,5060.8994
2023-09-01,964.7895,2.6069,3133.2467,5114.916
2023-09-04,962.5047,2.6497,3177.0603,5194.1615
2023-09-05,962.5223,2.6401,3154.3693,5153.7671
2023-09-06,962.3756,2.6466,3158.0769,5152.7007
2023-09-07,962.4908,2.6767,3122.3523,5125.6082
2023-09-08,964.6126,2.6654,3116.7191,5092.095
2023-09-11,970.5137,2.6785,3142.779,5129.3779
2023-09-12,970.0189,2.6534,3137.0593,5122.7665
2023-09-13,968.9299,2.6536,3123.0669,5136.9986
2023-09-14,967.6469,2.6497,3126.5511,5188.4465
2023-09-15,965.6746,2.6405,3117.7434,5176.4278
2023-09-18,962.7268,2.682,3125.9319,5182.1694
2023-09-19,962.5441,2.6753,3124.9567,5216.8452
2023-09-20,962.4189,2.6838,3108.5679,5223.7886
2023-09-21,962.0598,2.6839,3084.701,5189.7566
2023-09-22,963.279,2.6802,3132.4316,5211.9694
2023-09-25,962.8769,2.7048,3115.6071,5201.5588
2023-09-26,963.0874,2.7174,3102.2726,5178.0539
2023-09-27,963.3025,2.7193,3107.3156,5160.2086
2023-09-28,965.3021,2.7006,3110.4753,5161.125
2023-10-07,,2.6753,,
2023-10-08,,2.6717,,
2023-10-09,962.1705,2.664,3096.9224,5142.7127
2023-10-10,960.303,2.6804,3075.2361,5091.6277
2023-10-11,954.7898,2.6971,3078.9556,5075.7901
2023-10-12,953.7486,2.71,3107.9007,5127.166
2023-10-13,950.0332,2.6915,3088.0991,5120.7103
2023-10-16,943.6746,2.6768,3073.813,5130.5163
2023-10-17,938.9479,2.6907,3083.4964,5140.4928
2023-10-18,933.7947,2.6903,3058.7098,5093.106
2023-10-19,927.0854,2.7187,3005.3934,5008.1936
2023-10-20,915.876,2.7163,2983.0585,4982.368
2023-10-23,902.3291,2.7038,2939.2913,4915.646
2023-10-24,911.8161,2.7221,2962.2437,4953.0429
2023-10-25,916.2337,2.729,2974.1135,4997.211
2023-10-26,914.3919,2.705,2988.2992,5021.195
2023-10-27,914.6663,2.7157,3017.7842,5041.4708
2023-10-30,909.8431,2.7134,3021.5534,4989.67
2023-10-31,908.9569,2.6937,3018.7706,4998.8946
2023-11-01,904.9954,2.6874,3023.0765,4992.9413
2023-11-02,902.5472,2.6725,3009.4058,5001.1963
2023-11-03,903.2999,2.6658,3030.7977,4977.7857
2023-11-06,902.5885,2.6594,3058.4105,4969.887
2023-11-07,897.926,2.6498,3057.2697,4967.4888
2023-11-08,903.5906,2.6623,3052.3726,4961.33
2023-11-09,911.0536,2.6412,3053.2792,4993.8853
2023-11-10,909.1425,2.6502,3038.9699,4975.8006
2023-11-13,904.905,2.6443,3046.5329,4984.6953
2023-11-14,904.2152,2.6491,3056.0703,4977.8441
2023-11-15,901.5735,2.6574,3072.8348,5002.0913
2023-11-16,898.9622,2.6546,3050.9257,4995.8553
2023-11-17,895.6335,2.6531,3054.3655,4982.9461
2023-11-20,892.4905,2.6537,3068.3191,4995.5161
2023-11-21,888.7903,2.6579,3067.9328,5014.0273
2023-11-22,882.5171,2.6654,3043.611,4998.8014
2023-11-23,873.8001,2.6876,3061.8562,5037.9512
2023-11-24,862.3942,2.6835,3040.9717,5041.0734
2023-11-27,851.0071,2.6926,3031.7002,5027.7528
2023-11-28,847.265,2.6848,3038.5545,5027.3766
2023-11-29,846.0311,2.6776,3021.6874,4992.1274
2023-11-30,849.2582,2.6705,3029.6727,5008.6145
2023-12-01,850.3231,2.6733,3031.6358,5023.6238
2023-12-04,849.7716,2.6666,3022.9138,5024.1428
2023-12-05,846.3485,2.6707,2972.2959,4959.3167
2023-12-06,847.9421,2.6651,2968.9334,4957.1893
2023-12-07,845.8452,2.6679,2966.2061,4964.688
2023-12-08,843.3469,2.6638,2969.5594,4963.7549
2023-12-11,836.9104,2.6405,2991.4385,5039.6988
2023-12-12,829.6937,2.6404,3003.4378,5078.0651
2023-12-13,823.2644,2.6233,2968.7606,5036.1163
2023-12-14,821.5743,2.6239,2958.9856,5031.5238
2023-12-15,822.511,2.6336,2942.5568,5001.821
2023-12-18,821.5682,2.6172,2930.8036,4990.6419
2023-12-19,819.784,2.6147,2932.3908,4981.9427
2023-12-20,828.9003,2.6119,2902.1096,4959.6461
2023-12-21,849.2262,2.6196,2918.7149,4954.7063
2023-12-22,856.094,2.5847,2914.7752,4943.319
2023-12-25,856.6724,2.5793,2918.8126,4951.0593
2023-12-26,854.1764,2.5677,2898.8787,4921.8706
2023-12-27,848.8015,2.5679,2914.6138,4950.1365
2023-12-28,851.8063,2.5475,2954.7035,4943.7964
2023-12-29,861.7694,2.5652,2974.9348,4969.6698
2024-01-02,849.64,2.5476,2962.2762,5020.9933
2024-01-03,845.4652,2.5594,2967.2472,5074.1832
2024-01-04,838.834,2.538,2954.3486,5096.1593
2024-01-05,831.1801,2.5128,2929.1833,5099.2457
2024-01-08,822.2506,2.5104,2887.5379,5046.0217
2024-01-09,806.9133,2.4937,2893.2513,5074.4042
2024-01-10,795.8755,2.4907,2877.7023,5046.523
2024-01-11,798.8768,2.5014,2886.6502,5020.5794
2024-01-12,796.0235,2.502,2881.9769,5032.4176
2024-01-15,800.5779,2.5114,2886.2908,5057.5149
2024-01-16,810.2634,2.5195,2893.9886,5075.1494
2024-01-17,821.9152,2.5124,2833.6152,5004.1065
2024-01-18,813.2402,2.4961,2845.7839,4971.3035
2024-01-19,817.1041,2.502,2832.2793,4942.0795
2024-01-22,807.685,2.4933,2756.3399,4778.6825
2024-01-23,800.4802,2.4935,2770.9763,4835.9292
2024-01-24,799.2913,2.4966,2820.7719,4943.458
2024-01-25,807.5713,2.4991,2906.1087,5085.8927
2024-01-26,808.7035,2.4889,2910.2227,5152.4047
2024-01-29,810.2369,2.4923,2883.356,5166.2084
2024-01-30,810.6616,2.4631,2830.5266,5098.2721
2024-01-31,807.806,2.4256,2788.5482,5079.3378
2024-02-01,808.4074,2.4268,2770.7403,5028.7856
2024-02-02,808.1838,2.4282,2730.152,5024.7982
2024-02-04,,2.3994,,
2024-02-05,803.0047,2.3994,2702.185,5020.678
2024-02-06,804.9018,2.4099,2789.486,5139.1514
2024-02-07,811.5849,2.4231,2829.6956,5240.3177
2024-02-08,829.5841,2.4175,2865.9032,5244.2155
2024-02-09,,2.4245,,
2024-02-18,,2.4306,,
2024-02-19,861.3709,2.4311,2910.544,5348.8828
2024-02-20,868.5477,2.4189,2922.7302,5410.1912
2024-02-21,874.5755,2.4089,2950.9556,5411.4537
2024-02-22,882.4217,2.4057,2988.3578,5490.3956
2024-02-23,899.3786,2.3863,3004.881,5470.9763
2024-02-26,925.4439,2.3905,2977.0221,5374.6779
2024-02-27,914.0039,2.3609,3015.4807,5402.8901
2024-02-28,900.7458,2.3637,2957.8524,5352.3587
2024-02-29,907.1511,2.3417,3015.1712,5414.0184
2024-03-01,926.8587,2.3649,3027.0204,5414.2425
2024-03-04,942.6808,2.3477,3039.3055,5439.7557
2024-03-05,946.2328,2.3314,3047.7931,5469.1493
2024-03-06,936.971,2.2901,3039.9309,5467.6202
2024-03-07,928.4948,2.2616,3027.4013,5493.8044
2024-03-08,926.1584,2.2739,3046.0192,5524.1934
2024-03-11,929.4128,2.2792,3068.4554,5482.4938
2024-03-12,927.1876,2.3164,3055.935,5379.1772
2024-03-13,921.1158,2.3441,3043.8346,5356.5324
2024-03-14,918.2028,2.3412,3038.2339,5370.8322
2024-03-15,919.8511,2.3232,3054.6359,5370.6004
2024-03-18,918.9627,2.3096,3084.9262,5357.7926
2024-03-19,917.3214,2.2868,3062.7558,5338.3232
2024-03-20,911.9494,2.284,3079.6859,5359.2121
2024-03-21,905.3407,2.284,3077.113,5365.8258
2024-03-22,894.1991,2.2873,3048.0336,5347.7352
2024-03-25,890.7918,2.3134,3026.3055,5352.3645
2024-03-26,897.3774,2.3123,3031.4809,5348.7607
2024-03-27,913.9729,2.3146,2993.1388,5330.6982
2024-03-28,911.0737,2.2877,3010.6636,5325.6544
2024-03-29,908.2167,2.3011,3041.1669,5380.7251
2024-04-01,909.585,2.3071,3077.3786,5396.8299
2024-04-02,908.8881,2.2989,3074.9586,5416.8936
2024-04-03,915.923,2.2852,3069.2959,5470.4836
2024-04-07,,2.2903,,
2024-04-08,919.8224,2.2855,3047.0526,5461.6517
2024-04-09,921.3423,2.2813,3048.5369,5441.7507
2024-04-10,924.3226,2.2939,3027.3349,5454.4099
2024-04-11,928.8156,2.2945,3034.2464,5502.4367
2024-04-12,926.0902,2.28,3019.4735,5483.8509
2024-04-15,921.1183,2.2736,3057.3776,5585.2625
2024-04-16,916.1395,2.2799,3007.0681,5566.742
2024-04-17,921.3564,2.2652,3071.3806,5669.0568
2024-04-18,922.6374,2.258,3074.2246,5693.4158
2024-04-19,921.2313,2.2564,3065.261,5710.2691
2024-04-22,926.4985,2.2477,3044.5952,5594.3976
2024-04-23,930.3335,2.2232,3021.9775,5501.328
2024-04-24,933.1792,2.2478,3044.8223,5509.2218
2024-04-25,942.9375,2.2616,3052.9,5536.7855
2024-04-26,949.3062,2.2677,3088.6357,5502.1408
2024-04-28,,2.3052,,
2024-04-29,945.2106,2.3693,3113.0432,5495.3081
2024-04-30,942.9346,2.3152,3104.8245,5499.6595
2024-05-06,945.405,2.3095,3140.7204,5554.3174
2024-05-07,949.7523,2.2965,3147.738,5556.497
2024-05-08,947.3082,2.2893,3128.4798,5563.1492
2024-05-09,948.8781,2.3068,3154.3201,5602.7265
2024-05-10,948.8046,2.318,3154.5472,5628.2981
2024-05-11,,2.3339,,
2024-05-13,944.8567,2.2951,3148.0207,5644.1629
2024-05-14,943.0968,2.2868,3145.7743,5627.962
2024-05-15,939.6339,2.2882,3119.9021,5621.3279
2024-05-16,940.9242,2.302,3122.401,5633.5526
2024-05-17,942.0838,2.3311,3154.0263,5689.0775
2024-05-20,938.9419,2.3039,3171.1451,5742.413
2024-05-21,936.1355,2.3135,3157.9657,5757.0172
2024-05-22,933.1968,2.3113,3158.5399,5754.615
2024-05-23,931.3991,2.3038,3116.387,5675.4423
2024-05-24,937.6735,2.3074,3088.8705,5650.8707
2024-05-27,938.9352,2.3121,3124.0427,5732.4452
2024-05-28,937.2869,2.3028,3109.5721,5705.0825
2024-05-29,936.6616,2.292,3111.0176,5716.2082
2024-05-30,933.6742,2.2916,3091.6778,5664.7676
2024-05-31,933.481,2.3176,3086.8134,5669.4873
2024-06-03,932.7918,2.3113,3078.4887,5634.7944
2024-06-04,933.4105,2.2865,3091.1992,5663.5283
2024-06-05,936.4559,2.2794,3065.4034,5591.3914
2024-06-06,938.1931,2.2862,3048.7939,5596.0987
2024-06-07,937.9199,2.2836,3051.2787,5629.323
2024-06-11,935.132,2.2787,3028.0451,5535.7516
2024-06-12,933.2771,2.2771,3037.4675,5597.6489
2024-06-13,936.2402,2.267,3028.9187,5528.935
2024-06-14,937.2306,2.2606,3032.6333,5514.7118
2024-06-17,933.9588,2.2608,3015.8907,5442.6937
2024-06-18,933.4181,2.251,3030.2464,5460.8694
2024-06-19,933.2744,2.2541,3018.0491,5438.202
2024-06-20,930.7985,2.2395,3005.4369,5421.5287
2024-06-21,933.6065,2.2541,2998.1377,5417.796
2024-06-24,935.5481,2.2554,2963.0989,5347.6185
2024-06-25,932.9997,2.2365,2949.9963,5360.9035
2024-06-26,933.2069,2.2217,2972.5251,5368.9598
2024-06-27,939.0977,2.2143,2945.8524,5334.2483
2024-06-28,936.2769,2.2057,2967.4028,5354.8331
2024-07-01,931.6933,2.184,2994.7303,5471.4649
2024-07-02,934.1385,2.2454,2997.0111,5464.4834
2024-07-03,934.6476,2.2366,2982.3756,5419.5076
2024-07-04,933.1179,2.2445,2957.567,5384.2881
2024-07-05,931.8423,2.2596,2949.9333,5365.1284
2024-07-08,929.5209,2.2947,2922.4498,5326.1849
2024-07-09,927.432,2.2708,2959.3724,5382.263
2024-07-10,928.6157,2.2665,2939.3636,5273.2027
2024-07-11,927.6136,2.2644,2970.3874,5283.2287
2024-07-12,929.501,2.2503,2971.295,5254.1366
2024-07-15,934.4107,2.2503,2974.0107,5300.0384
2024-07-16,934.6858,2.2676,2976.3043,5263.4867
2024-07-17,934.69,2.2543,2962.8549,5227.974
2024-07-18,933.5255,2.2595,2977.1334,5235.4347
2024-07-19,935.2298,2.2576,2982.3086,5199.048
2024-07-22,933.4258,2.24,2964.2155,5151.023
2024-07-23,931.7228,2.2331,2915.3685,5087.1029
2024-07-24,930.601,2.227,2901.9518,5075.7172
2024-07-25,929.6207,2.2196,2886.7416,5063.5377
2024-07-26,934.8307,2.1801,2890.8973,5062.3531
2024-07-29,935.1923,2.1693,2891.8453,5067.1545
2024-07-30,938.586,2.1431,2879.2996,5035.2247
2024-07-31,940.1309,2.1357,2938.7493,5114.863
2024-08-01,941.3751,2.1354,2932.3871,5105.844
2024-08-02,944.7165,2.1161,2905.3375,5092.7985
2024-08-05,952.6181,2.1105,2860.6978,5034.1085
2024-08-06,959.8085,2.1493,2867.2837,5018.3054
2024-08-07,972.536,2.1307,2869.8338,5031.8537
2024-08-08,968.7806,2.1482,2869.9014,5055.4244
2024-08-09,970.3625,2.1784,2862.1941,5034.2404
2024-08-12,970.0728,2.2349,2858.2046,5062.3355
2024-08-13,968.6166,2.225,2867.946,5070.0426
2024-08-14,972.2561,2.171,2850.6539,5047.3326
2024-08-15,972.4478,2.1734,2877.3579,5092.5403
2024-08-16,969.62,2.1742,2879.4298,5092.8593
2024-08-19,966.4963,2.1761,2893.6738,5135.8034
2024-08-20,963.3732,2.1641,2866.661,5076.7441
2024-08-21,960.3616,2.1701,2856.5839,5036.835
2024-08-22,960.1939,2.1581,2848.7718,5028.8785
2024-08-23,959.8645,2.1518,2854.3675,5034.1147
2024-08-26,956.57,2.1416,2855.5203,5028.4443
2024-08-27,955.0116,2.1602,2848.7312,5027.4893
2024-08-28,957.7586,2.172,2837.4293,5001.4171
2024-08-29,953.6518,2.1599,2823.106,4928.9106
2024-08-30,954.3204,2.1704,2842.2142,4946.0986
2024-09-02,955.2591,2.1489,2811.035,4964.3011
2024-09-03,950.592,2.1367,2802.9787,4928.7821
2024-09-04,947.5055,2.1359,2784.2783,4922.3766
2024-09-05,951.7881,2.1229,2788.3141,4922.9052
2024-09-06,951.2167,2.1344,2765.8066,4875.41
2024-09-09,948.2267,2.1332,2736.4876,4793.0864
2024-09-10,944.6616,2.1198,2744.1921,4797.0928
2024-09-11,942.68,2.1056,2721.7952,4703.9782
2024-09-12,940.0985,2.099,2717.1231,4717.8606
2024-09-13,940.4817,2.0865,2704.0896,4696.5703
2024-09-14,,2.0399,,
2024-09-18,937.3314,2.0425,2717.2813,4750.4738
2024-09-19,934.4603,2.0286,2736.0222,4765.3502
2024-09-20,935.9533,2.0429,2736.8139,4759.7892
2024-09-23,933.2213,2.0342,2748.9177,4810.4077
2024-09-24,938.921,2.0359,2863.1255,5025.9754
2024-09-25,945.1278,2.0503,2896.3057,5093.9793
2024-09-26,947.4094,2.0414,3000.9526,5279.0662
2024-09-27,945.0327,2.1158,3087.5286,5355.8896
2024-09-29,,2.22,,
2024-09-30,942.2052,2.1908,3336.4974,5699.2907
2024-10-08,946.8484,2.1532,3489.7751,5753.6297
2024-10-09,939.6226,2.1686,3258.8578,5313.8236
2024-10-10,939.2542,2.144,3301.9259,5478.7381
2024-10-11,944.5258,2.1072,3217.7377,5382.6171
2024-10-12,,2.1194,,
2024-10-14,942.6655,2.1183,3284.3225,5524.007
2024-10-15,940.3685,2.1215,3201.2919,5400.9686
2024-10-16,939.0783,2.1042,3202.948,5474.8487
2024-10-17,938.3694,2.1024,3169.3843,5383.4212
2024-10-18,939.3501,2.0841,3261.5633,5430.0753
2024-10-21,937.166,2.1085,3268.11,5394.9871
2024-10-22,937.4119,2.1048,3285.8669,5429.9226
2024-10-23,935.9012,2.1371,3302.8028,5439.0771
2024-10-24,932.8555,2.1228,3280.2625,5411.0452
2024-10-25,933.7128,2.1399,3299.7003,5416.0412
2024-10-28,934.6272,2.1405,3322.1975,5469.8608
2024-10-29,934.4251,2.1345,3286.407,5386.3328
2024-10-30,933.879,2.1286,3266.2378,5339.5949
2024-10-31,932.6897,2.1341,3279.8244,5319.4112
2024-11-01,931.2119,2.1436,3272.0142,5360.4175
2024-11-04,931.6772,2.1247,3310.2072,5406.5488
2024-11-05,931.5399,2.1204,3386.9869,5475.9018
2024-11-06,931.2433,2.1031,3383.8062,5455.843
2024-11-07,931.7355,2.1094,3470.6609,5564.8524
2024-11-08,932.6601,2.0998,3452.2971,5489.2792
2024-11-11,937.9522,2.0946,3470.0657,5449.7675
2024-11-12,941.1064,2.0761,3421.9701,5421.2598
2024-11-13,940.2353,2.0744,3439.2778,5443.0658
2024-11-14,937.9843,2.0828,3379.8389,5372.7974
2024-11-15,936.3335,2.0772,3330.7263,5356.6248
2024-11-18,934.3083,2.1007,3323.8486,5444.9964
2024-11-19,932.7558,2.1016,3346.0098,5449.5065
2024-11-20,932.5592,2.0963,3367.9893,5465.7674
2024-11-21,932.5387,2.0902,3370.4039,5461.1526
2024-11-22,930.9296,2.0775,3267.1916,5312.3291
2024-11-25,929.7733,2.0705,3263.7597,5320.6061
2024-11-26,928.672,2.0622,3259.7572,5322.6275
2024-11-27,927.8974,2.0575,3309.7789,5380.4305
2024-11-28,927.9874,2.0605,3295.6983,5358.4271
2024-11-29,928.8024,2.0331,3326.4557,5392.2418
2024-12-02,930.1263,2.0077,3363.9823,5420.6133
2024-12-03,930.7183,1.982,3378.8063,5475.9073
2024-12-04,930.0507,1.9697,3364.6498,5483.936
2024-12-05,928.0552,1.9572,3368.8553,5474.808
2024-12-06,927.4252,1.9486,3404.0764,5549.6856
2024-12-09,927.0862,1.9368,3402.5343,5558.7796
2024-12-10,934.5815,1.8655,3422.6607,5559.8859
2024-12-11,946.5949,1.8543,3432.4902,5587.8027
2024-12-12,951.6416,1.8169,3461.4998,5609.6793
2024-12-13,951.4314,1.7735,3391.8782,5511.5625
2024-12-16,957.9901,1.7204,3386.3312,5557.6935
2024-12-17,956.021,1.7309,3361.485,5537.6366
2024-12-18,950.4951,1.7169,3382.2081,5571.9799
2024-12-19,947.5481,1.7458,3370.0331,5518.3695
2024-12-20,950.7902,1.7235,3368.0693,5472.4159
2024-12-23,953.6333,1.6856,3351.2571,5475.1306
2024-12-24,953.8786,1.6994,3393.5281,5537.9309
2024-12-25,955.7449,1.7319,3393.3501,5559.4571
2024-12-26,956.7039,1.7345,3398.0765,5533.8031
2024-12-27,963.7421,1.705,3400.142,5545.5551
2024-12-30,968.6064,1.7056,3407.3259,5612.2925
2024-12-31,967.8787,1.6774,3351.763,5581.4952
2025-01-02,974.705,1.6369,3262.5607,5470.1941
2025-01-03,987.731,1.5895,3211.4299,5424.4086
2025-01-06,991.5464,1.6041,3206.9228,5444.2594
2025-01-07,982.4627,1.5973,3229.6439,5428.6272
2025-01-08,992.3936,1.6018,3230.1679,5416.2977
2025-01-09,1002.2123,1.6127,3211.3933,5336.2342
2025-01-10,1005.8119,1.6712,3168.5238,5255.7158
2025-01-13,1000.8491,1.6442,3160.755,5214.9822
2025-01-14,991.518,1.6502,3240.94,5310.8584
2025-01-15,999.9587,1.6268,3227.1167,5312.6242
2025-01-16,997.9661,1.642,3236.032,5355.6674
2025-01-17,997.684,1.6425,3241.8212,5340.4342
2025-01-20,1000.6774,1.665,3244.3776,5328.874
2025-01-21,1001.9729,1.6753,3242.6226,5295.8678
2025-01-22,1013.8927,1.6554,3213.6237,5242.8423
2025-01-23,1017.8088,1.662,3230.1637,5296.1683
2025-01-24,1020.2868,1.6779,3252.6264,5330.3763
2025-01-26,,1.6536,,
2025-01-27,1027.9697,1.645,3250.6007,5397.8404
2025-02-05,1031.5493,1.646,3229.4876,5291.4642
2025-02-06,1031.6747,1.6335,3270.6594,5295.7993
2025-02-07,1032.8236,1.6287,3303.6666,5331.4266
2025-02-08,,1.6366,,
2025-02-10,1046.6751,1.6264,3322.1698,5325.3482
2025-02-11,1062.6961,1.6352,3318.0569,5345.533
2025-02-12,1053.6098,1.6311,3346.3854,5346.7393
2025-02-13,1041.3287,1.6382,3332.4826,5348.7055
2025-02-14,1051.1116,1.6486,3346.7242,5359.117
2025-02-17,1057.7005,1.6787,3355.8296,5336.5732
2025-02-18,1055.3423,1.7216,3324.4906,5318.6352
2025-02-19,1054.5571,1.6992,3351.5392,5303.698
2025-02-20,1059.0683,1.7021,3350.7833,5291.0318
2025-02-21,1064.0774,1.7317,3379.1128,5257.0009
2025-02-24,1053.4405,1.77,3373.0276,5261.4535
2025-02-25,1045.8765,1.7842,3346.0398,5226.6236
2025-02-26,1045.5947,1.7659,3380.2144,5292.164
2025-02-27,1039.4982,1.7741,3388.0622,5350.6692
2025-02-28,1033.1737,1.8,3320.8973,5311.6501
2025-03-03,1043.9886,1.722,3316.9253,5305.0725
2025-03-04,1052.2627,1.7049,3324.2099,5305.5876
2025-03-05,1051.1886,1.7038,3341.9649,5330.7352
2025-03-06,1047.0696,1.7301,3381.0983,5329.4738
2025-03-07,1045.4849,1.7688,3372.5458,5336.689
2025-03-10,1048.3252,1.7955,3366.163,5352.3357
2025-03-11,1044.7726,1.8456,3379.8284,5386.4321
2025-03-12,1043.1981,1.876,3371.9235,5364.7665
2025-03-13,1044.0434,1.8252,3358.7285,5402.2814
2025-03-14,1046.7775,1.8588,3419.5616,5443.3782
2025-03-17,1046.5084,1.878,3426.1285,5463.4737
2025-03-18,1049.7823,1.8819,3429.7593,5454.0976
2025-03-19,1055.7798,1.8836,3426.4291,5462.3245
2025-03-20,1058.7908,1.8479,3408.9482,5447.2799
2025-03-21,1057.9947,1.8387,3364.8307,5424.09
2025-03-24,1058.0807,1.85,3370.0283,5454.4541
2025-03-25,1061.7069,1.8148,3369.9763,5489.0255
2025-03-26,1060.3489,1.8309,3368.6973,5481.3787
2025-03-27,1064.8985,1.8079,3373.7489,5476.233
2025-03-28,1071.3674,1.8126,3351.3068,5436.4717
2025-03-31,1066.5512,1.8209,3335.7462,5407.9902
2025-04-01,1062.5342,1.8063,3348.4351,5460.5135
2025-04-02,1069.802,1.809,3350.1266,5480.3406
2025-04-03,1078.0854,1.7476,3342.0077,5487.7522
2025-04-07,1068.2658,1.6475,3096.5762,5121.6285
2025-04-08,1063.3263,1.6549,3145.5491,5252.4983
2025-04-09,1058.1225,1.65,3186.8099,5268.1457
2025-04-10,1061.9283,1.664,3223.6379,5317.9582
2025-04-11,1065.3867,1.6421,3238.2268,5294.0132
2025-04-14,1068.2561,1.674,3262.8075,5341.428
2025-04-15,1071.2646,1.6616,3267.6623,5367.0496
2025-04-16,1075.3696,1.6503,3276.0039,5391.4484
2025-04-17,1079.1535,1.652,3280.3412,5380.304
2025-04-18,1074.335,1.6577,3276.7304,5382.3435
2025-04-21,1070.9706,1.6631,3291.4341,5375.0356
2025-04-22,1066.9952,1.6607,3299.7571,5395.8835
2025-04-23,1063.9149,1.6715,3296.3552,5371.8464
2025-04-24,1061.3118,1.6651,3297.2881,5400.7061
2025-04-25,1058.9395,1.6713,3295.06,5392.2779
2025-04-27,,1.6685,,
2025-04-28,1051.7925,1.6609,3288.4147,5391.3773
2025-04-29,1054.2442,1.6493,3286.6548,5377.2308
2025-04-30,1057.9166,1.6405,3279.0314,5341.7697
2025-05-06,1061.1417,1.6371,3316.1135,5355.2618
2025-05-07,1063.0872,1.6466,3342.6651,5391.5036
2025-05-08,1061.6854,1.6446,3351.9958,5394.128
2025-05-09,1062.0504,1.6414,3341.9989,5421.8433
2025-05-12,1068.4534,1.6595,3369.2445,5440.6068
2025-05-13,1068.3305,1.6866,3374.8707,5478.6417
2025-05-14,1073.2382,1.6831,3403.9481,5509.5627
2025-05-15,1072.3581,1.686,3380.8214,5486.9433
2025-05-16,1076.7841,1.6972,3367.4619,5456.4608
2025-05-19,1078.2415,1.6883,3367.5829,5470.9617
2025-05-20,1083.9531,1.6797,3380.478,5486.8581
2025-05-21,1093.1129,1.6853,3387.5736,5528.7956
2025-05-22,1090.951,1.6943,3380.1885,5519.0537
2025-05-23,1089.7187,1.7127,3348.3717,5464.7734
2025-05-26,1091.2285,1.7002,3346.8388,5427.8603
2025-05-27,1088.2524,1.7064,3340.687,5413.7524
2025-05-28,1089.4567,1.718,3339.9319,5431.0191
2025-05-29,1089.6451,1.7404,3363.4455,5440.6604
2025-05-30,1090.0666,1.7195,3347.4873,5445.7952
2025-06-03,1090.7572,1.7241,3361.9755,5465.689
2025-06-04,1096.1035,1.6782,3376.2029,5480.8722
2025-06-05,1107.3473,1.6695,3384.0985,5449.4941
2025-06-06,1107.2597,1.6697,3385.3579,5448.3034
2025-06-09,1104.7323,1.6541,3399.7716,5458.8793
2025-06-10,1107.0555,1.6602,3384.8163,5454.5726
2025-06-11,1108.8975,1.6524,3402.3159,5471.4803
2025-06-12,1110.2066,1.6445,3402.658,5471.5999
2025-06-13,1114.8594,1.6478,3376.996,5416.3064
2025-06-16,1117.8739,1.6444,3388.7293,5428.601
2025-06-17,1116.0737,1.6507,3387.4049,5426.0202
2025-06-18,1120.3597,1.6427,3388.8086,5419.9498
2025-06-19,1120.6108,1.6422,3362.1082,5384.7423
2025-06-20,1124.6311,1.643,3359.8954,5393.71
2025-06-23,1124.5642,1.6417,3381.5816,5407.4346
2025-06-24,1114.4138,1.6469,3420.566,5424.751
2025-06-25,1114.931,1.6482,3455.9736,5443.2012
2025-06-26,1112.4345,1.6561,3448.4534,5444.7023
2025-06-27,1109.1295,1.6529,3424.2267,5416.1974
2025-06-30,1105.4541,1.6553,3444.4256,5410.2588
2025-07-01,1104.7293,1.6523,3457.7474,5454.3266
2025-07-02,1115.8416,1.6464,3454.7924,5493.4691
2025-07-03,1116.9367,1.6451,3461.1506,5493.1321
2025-07-04,1116.4187,1.6439,3472.3192,5520.9383
2025-07-07,1116.1517,1.6482,3473.1271,5545.0804
2025-07-08,1108.9289,1.6496,3497.4753,5542.3522
2025-07-09,1105.3466,1.6508,3493.0495,5560.319
2025-07-10,1105.6712,1.6562,3509.6818,5594.9169
2025-07-11,1103.8746,1.6749,3510.1772,5553.971
2025-07-14,1101.6882,1.6775,3519.6498,5581.2078
2025-07-15,1104.3688,1.6653,3504.9988,5516.3349
2025-07-16,1106.4757,1.6643,3503.7769,5492.5995
2025-07-17,1105.2542,1.6633,3516.8255,5487.8946
2025-07-18,1104.548,1.6721,3534.4827,5506.7441
2025-07-21,1099.507,1.6819,3559.7912,5575.8675
2025-07-22,1093.9539,1.6836,3581.8611,5667.6115
2025-07-23,1086.7969,1.7185,3582.298,5647.0878
2025-07-24,1087.2851,1.7248,3605.7269,5670.7501
2025-07-25,1087.3611,1.7393,3593.6553,5633.8343
2025-07-28,1091.8826,1.729,3597.9369,5572.5303
2025-07-29,1089.5753,1.7354,3609.7113,5570.4572
2025-07-30,1092.9167,1.7578,3615.7167,5581.4768
2025-07-31,1102.1547,1.7144,3573.2082,5484.7119
2025-08-01,1100.9028,1.7523,3559.9518,5484.5934
2025-08-04,1096.9241,1.7028,3583.3088,5510.342
2025-08-05,1093.9471,1.7182,3617.5976,5567.8825
2025-08-06,1094.3008,1.7093,3633.9949,5603.2021
2025-08-07,1097.1006,1.6975,3639.6666,5612.6762
2025-08-08,1097.3083,1.7015,3635.1281,5615.6102
2025-08-11,1093.6219,1.7181,3647.5467,5591.6955
2025-08-12,1093.2626,1.7402,3665.9177,5623.0435
2025-08-13,1091.2869,1.7445,3683.4648,5593.7015
2025-08-14,1087.2805,1.7448,3666.4426,5540.1311
2025-08-15,1080.9056,1.7397,3696.7705,5553.4158
2025-08-18,,1.7826,3728.0273,5542.7569
2025-08-19,,1.7855,3727.2879,5537.4535
2025-08-20,,1.772,3766.2104,5579.2691
2025-08-21,1060.237,1.7925,3771.0989,5609.1951
2025-08-22,1062.0619,1.7868,3825.7592,5599.4007
2025-08-25,1064.3096,1.7893,3883.5617,5640.4806
2025-08-26,1077.0418,1.7884,3868.382,5634.0366
2025-08-27,1077.8687,1.7813,3800.3499,5532.4293
2025-08-28,1076.4111,1.7835,3843.5974,5544.1885
2025-08-29,1073.3295,1.7922,3857.9274,5538.0382
2025-09-01,1070.3058,1.7942,3875.5304,5524.751
2025-09-02,1075.5897,1.8234,3858.1334,5542.1747
2025-09-03,1078.5371,1.8148,3813.5566,5495.4712
2025-09-04,1083.0911,1.795,3765.8759,5493.0759
2025-09-05,1078.4217,1.8228,3812.5143,5510.0368
2025-09-08,1073.2134,1.8466,3826.8407,5552.5865
2025-09-09,1073.8203,1.8545,3807.2923,5565.0272
2025-09-10,1070.8369,1.8669,3812.2212,5537.7853
2025-09-11,1069.6644,1.8909,3875.3094,5559.8135
2025-09-12,1070.0392,1.865,3870.5984,5529.9497
2025-09-15,1071.9029,1.8615,3860.5036,5511.138
2025-09-16,1069.7372,1.8753,3861.8651,5508.9665
2025-09-17,,1.8605,3876.3409,5522.2891
2025-09-18,1071.2021,1.8546,3831.6562,5424.126
2025-09-19,,1.8547,3820.0894,5468.7315
2025-09-22,,1.8631,3828.5764,5434.0415
2025-09-23,,1.8833,3821.8327,5454.0584
2025-09-24,1066.2923,1.8802,3853.6422,5467.0362
2025-09-25,1063.61,1.921,3853.3021,5440.5069
2025-09-26,1064.4224,1.8885,3828.106,5455.0131
2025-09-28,,1.8841,,
2025-09-29,1061.9095,1.8854,3862.5317,5474.3919
2025-09-30,1061.469,1.882,3882.7774,5461.0845
2025-10-09,1059.5981,1.8576,3933.9724,5502.3826
2025-10-10,1058.706,1.8467,3897.0281,5559.0517
2025-10-11,,1.833,,
2025-10-13,1058.7166,1.837,3889.5022,5534.3194
2025-10-14,1055.4495,1.8592,3865.2289,5596.2901
2025-10-15,1051.9274,1.8426,3912.2095,5620.1955
2025-10-16,1047.7826,1.8462,3916.228,5639.6007
2025-10-17,1043.4583,1.8314,3839.7553,5596.3198
2025-10-20,1036.8068,1.8499,3863.8926,5637.9361
2025-10-21,1031.6614,1.8552,3916.3322,5640.3589
2025-10-22,1031.7859,1.8358,3913.7576,5645.9038
2025-10-23,1036.3357,1.8358,3922.4101,5691.9018
2025-10-24,1045.1346,1.8491,3950.3115,5655.0767
2025-10-27,1040.524,1.8488,3996.9445,5681.4978
2025-10-28,1049.3993,1.8158,3988.2239,5651.6502
2025-10-29,1051.9481,1.8137,4016.331,5653.7533
2025-10-30,1051.4097,1.823,3986.9008,5630.5531
2025-10-31,1045.7264,1.8033,3954.79,5627.6697
